{
    "WizardCoder-Python-7B-V1.0": 0.39985457193958496,
    "WizardCoder-Python-13B-V1.0": 1.6135231537943313,
    "WizardCoder-Python-34B-V1.0": 1.926767581362065
}